"IdArticulo","Descripcion","Descripcion1","IdTipo","LogoPantalla","AvisoActivo","Aviso","IdFamilia","IdSubFamilia","IdDepartamento","IdSeccion","Favorito","EtiquetaPorPesada","TaraFija","TaraPorcentual","PesoEmbalaje","CheckWeigher","PesoMinimo","PesoMaximo","PesoObjetivo","PorcentajeMinimo","PorcentajeMaximo","FechaCaducidadActivada","FechaCaducidad","DiasCaducidad","HorasCaducidad","FechaExtraActivada","FechaExtra","DiasExtra","HorasExtra","FechaEnvasadoActivada","FechaEnvasado","DiasEnvasado","HorasEnvasado","FechaCongelacionActivada","FechaCongelacion","DiasCongelacion","HorasCongelacion","FechaConsumoActivada","FechaConsumo","DiasConsumo","HorasConsumo","FechaFabricacionActivada","FechaFabricacion","DiasFabricacion","HorasFabricacion","IdEtiqueta","IdEtiquetaAlergenos","IdEtiquetaTotales","IdEtiquetaTotales2","IdEtiquetaTotales3","IdEtiquetaTotalesGeneral","FormatoEtiquetaSerieL","TipoOferta","LogoEtiqueta","CodInterno","EANScanner","IdClase","IdElemAsociado","LoteAuto","Texto1","Texto2","Texto3","Texto4","Texto5","Texto6","Texto7","Texto8","Texto9","Texto10","Texto11","Texto12","Texto13","Texto14","Texto15","Texto16","Texto17","Texto18","Texto19","Texto20","TextoLibre","PesoPieza","Medida2","UnidadesCaja","StockCantidad2","PrecioEstandar","MargenEstandar","PrecioUltimaCompra","FechaUltimaCompra","MargenUltimaCompra","PrecioMedio","MargenMedio","ModificaPV","PrecioSinIVA","IdIVA","PrecioConIVA","Descuento","TipoDescuento","NumUnidadesDto","TipoCalculo","AplicarRE","IdCodBarras","IdCodBarras2","IdCodBarrasTotalNivel1","IdCodBarras2TotalNivel1","IdCodBarrasTotalNivel2","IdCodBarras2TotalNivel2","IdCodBarrasTotalNivel3","IdCodBarras2TotalNivel3","Nivel1","Nivel2","Nivel3","IdCodBarrasTotalGeneral","IdCodBarras2TotalGeneral","IdTexto1","IdTexto2","IdTexto3","IdTexto4","IdTexto5","IdTexto6","IdTexto7","IdTexto8","IdTexto9","IdTexto10","Rojo","Verde","Azul","DescripcionPreenvasados","TeclaDirecta","PrecioOferta","PrecioOferta2","StockActual","StockActual2","PrecioPorCienGramos","IncluirGestionStock","CodSmiley","EnVenta","IdLogo","IdLogo1","IdLogo2","IdLogo3","IdLogo4","IdLogo5","Color","IdEmpresa","Modificado","ModificadoTextos","ModificadoTextoG","Operacion","Usuario","TimeStamp","PlayList","Marca","IdCodigoVisionArt"
1,"CROCCHE' DI PATATE","",1,"",0,"",,,,1,1,0,,,,0,,,,,,1,"",5,0,1,"",,,1,"",,,1,"",,,1,"",,,1,"",,,,,,,,,"",0,"",,"",,,0,""" Ingredienti: Patata pasta gialla, SCAMORZA (LATTE, caglio, sale), GRANA PADANO(LATTE, caglio, sale, lisozima da uovo),sale, pepe, prezzemolo,UOVA pastorizzate, FARINA 00, pan grattato(FARINA di GRANO tenerotipo """"0"""", lievito di birra e sale), olio di semi digirasole.PuÃ² contenere tracce di glutine, crostacei, uova, pesce, arachidi, soia, latte, frutta a guscio, sedano, senape, sesamo, anidride solforosa, lupini,molluschi.                                    ""","","","","","","","","","","","","","","","","","","","","VALORE ENERGETICO (kcal):143.48;CARBOIDRATI (g):24.60;GRASSI TOTALI (g):3.01;PROTEINE (g):6.80;di cui GRASSI SATURI (g):0.89;Energia (kJ):600.32;di cui ZUCCHERI (g):2.49;SALE (g):0.11;FIBRE (g):1.20",,"",,0,,100.000,,"",100.000,,100.000,1,222.220000,,222.220,,1,2,1,1,,,,,,,,,,,,,,0,0,0,0,0,0,0,0,0,0,,,,"",,,,,,0,1,,1,1,1,1,1,1,1,0,1,1,1,1,"M","BELL","2025-04-23 07:49:38","",1,
2,"PALLA DI RISO","",1,"",0,"",,,,1,1,0,,,,0,,,,,,1,"",,,0,"",,,0,"",,,0,"",,,0,"",,,0,"",,,,,,,,,"",0,"",,"",,,0," Ingredienti: riso carnaroli, SEDANO, carota, cipolla, piselli, olio EVO, sale, pepe, PARMIGIANO, pan grattato.","","","","","","","","","","","","","","","","","","","","",,"",,0,,,,"",,,,1,,,0.000,,1,2,1,1,0,,,,,,,,,,,,,0,0,0,0,0,0,0,0,0,0,,,,"",,,,,,0,1,,1,,,,,,,0,1,1,1,0,"M","rgi","2025-04-10 15:36:19","",1,
3,"FRITTATINA NAPOLETANA DI PASTA CLASSICA","",1,"",0,"",,,,1,1,0,,,,0,,,,,,1,"",,,1,"",,,1,"",,,1,"",,,1,"",,,1,"",,,,,,,,,"",0,"",,"",,,0," Ingredienti: Bucatini di SEMOLA di GRANO duro, SEDANO, carota, cipolla, carne trita di suino e bovino in porzioni variabili, BESCIAMELLA UHT(LATTE, PANNA, FARINA 00), grana padano(LATTE, caglio, sale, lisozi-ma da uovo) sale, pepe, Olio evo,vino bianco(contiene solfiti)piselli. FARINA 00, olio di semi di girasole.PuÃ² contenere tracce di glutine, crostacei, uova, pesce, arachidi, soia, latte, frutta a guscio, sedano, senape, sesamo, anidride solforosa, lupini,molluschi.","","","","","","","","","","","","","","","","","","","","VALORE ENERGETICO (kcal):145.15;CARBOIDRATI (g):24.60;GRASSI TOTALI (g):3.01;PROTEINE (g):6.80;di cui GRASSI SATURI (g):0.89;Energia (kJ):607.30;di cui ZUCCHERI (g):2.49;SALE (g):0.11;FIBRE (g):1.20",,"",,0,,,,"",,,,1,,,0.000,,1,2,1,1,,,,,,,,,,,,,,0,0,0,0,0,0,0,0,0,0,,,,"",,,,,,0,1,,1,1,1,1,1,1,1,0,1,1,1,1,"M","BELL","2025-04-23 07:57:36","",1,
4,"FRITTATINA NAPOLETANA DI PASTA DI PATATE E PROVOLA","",1,"",0,"",,,,1,1,0,,,,0,,,,,,1,"",,,1,"",,,1,"",,,1,"",,,1,"",,,1,"",,,,,,,,,"",0,"",,"",,,0," Ingredienti: Pasta mista di SEMOLA di GRANO duro, SEDANO , carota,cipolla, concentrato di pomodoro(pomodoro e sale), patata, BESCIAMELLA UHT(LATTE, PANNA, FARINA 00), GRANA PADANO(LATTE, caglio, sale, lisozimada uovo), PROVOLA(LATTE, caglio, sale), Olio evo, sale, pepe.FARINA00, olio di semi di girasole. PuÃ² contenere tracce di glutine, crostacei, uova, pesce, arachidi, soia, latte, frutta a guscio, sedano, senape, sesamo, anidride solforosa, lupini,molluschi","","","","","","","","","","","","","","","","","","","","VALORE ENERGETICO (kcal):143.48;CARBOIDRATI (g):24.60;GRASSI TOTALI (g):3.01;PROTEINE (g):6.80;di cui GRASSI SATURI (g):0.89;Energia (kJ):600.32;di cui ZUCCHERI (g):2.49;SALE (g):0.11;FIBRE (g):1.20",,"",,0,,,,"",,,,1,,,0.000,,1,2,1,1,,,,,,,,,,,,,,0,0,0,0,0,0,0,0,0,0,,,,"",,,,,,0,1,,1,1,1,1,1,1,1,0,1,1,1,1,"M","rgi","2025-04-23 08:03:23","",1,
5,"FRITTATINA NAPOLETANA DI PASTA ALLA GENOVESE","",1,"",0,"",,,,1,1,0,,,,0,,,,,,1,"",,,1,"",,,1,"",,,1,"",,,1,"",,,1,"",,,,,,,,,"",0,"",,"",,,0," Ingredienti: Bucatini di SEMOLA di GRANO duro, carne di vitello, SEDANO, carota, cipolla, BESCIAMELLA UHT(LATTE, PANNA, FARINA 00),pecorino(LATTE di pecora, sale, caglio, fermenti lattici), sale, pepe,Olio evo, alloro. FARINA 00, olio di semi di girasole. PuÃ² contenere tracce di glutine, crostacei, uova, pesce, arachidi, soia, latte, frutta a guscio, sedano, senape, sesamo, anidride solforosa, lupini,molluschi","","","","","","","","","","","","","","","","","","","","VALORE ENERGETICO (kcal):145.15;CARBOIDRATI (g):24.60;GRASSI TOTALI (g):3.01;PROTEINE (g):6.80;di cui GRASSI SATURI (g):0.89;Energia (kJ):607.30;di cui ZUCCHERI (g):2.49;SALE (g):0.11;FIBRE (g):1.20",,"",,0,,,,"",,,,1,,,0.000,,1,2,1,1,,,,,,,,,,,,,,0,0,0,0,0,0,0,0,0,0,,,,"",,,,-0.238,0.000,0,1,,1,1,1,1,1,1,1,0,1,1,1,1,"M","rgi","2025-04-23 08:03:48","",1,
6,"FRITTATINA NAPOLETANA DI PASTA  ALLA NERANO","",1,"",0,"",,,,1,1,0,,,,0,,,,,,1,"",,,1,"",,,1,"",,,1,"",,,1,"",,,1,"",,,,,,,,,"",0,"",,"",,,0," Ingredienti: Bucatini di SEMOLA di GRANO duro, PROVOLONE piccante(LATTE, sale, caglio), zucchine, basilico,BESCIAMELLA UHT(LATTE, PANNA, FARINA 00), GRANA PADANO(LATTE, caglio, sale, lisozima da uovo), sale, pepeOlio evo.FARINA 00, olio di semi di girasole. PuÃ² contenere tracce di glutine, crostacei, uova, pesce, arachidi, soia, latte, frutta a guscio, sedano, senape, sesamo, anidride solforosa, lupini,molluschi","","","","","","","","","","","","","","","","","","","","VALORE ENERGETICO (kcal):160.42;CARBOIDRATI (g):24.60;GRASSI TOTALI (g):3.01;PROTEINE (g):6.80;di cui GRASSI SATURI (g):0.89;Energia (kJ):671.19;di cui ZUCCHERI (g):2.49;SALE (g):0.11;FIBRE (g):1.20",,"",,0,,,,"",,,,1,,,0.000,,1,2,1,1,,,,,,,,,,,,,,0,0,0,0,0,0,0,0,0,0,,,,"",,,,,,0,1,,1,1,1,1,1,1,1,0,1,1,1,1,"M","rgi","2025-04-23 08:04:07","",1,
7,"FRITTATINA NAPOLETANA DI PASTA ALLO SCARPIELLO","",1,"",0,"",,,,1,1,0,,,,0,,,,,,1,"",,,1,"",,,1,"",,,1,"",,,1,"",,,1,"",,,,,,,,,"",0,"",,"",,,0," Ingredienti: Bucatini di SEMOLA di GRANO duro, passata di pomodoro(pomodoro, acido citrico), pomodoro datterino,SEDANO, carota, cipolla, peperoncino secco,BESCIAMELLA UHT(LATTE, PANNA, FARINA 00), pecorino(LATTE di pecora, sale, caglio, fermenti lattici), sale, pepe, Olio.FARINA 00, olio di semi di girasole. PuÃ² contenere tracce di glutine, crostacei, uova, pesce, arachidi, soia, latte, frutta a guscio, sedano, senape, sesamo, anidride solforosa, lupini,molluschi.","","","","","","","","","","","","","","","","","","","","VALORE ENERGETICO (kcal):138.00;CARBOIDRATI (g):24.60;GRASSI TOTALI (g):3.01;PROTEINE (g):6.80;di cui GRASSI SATURI (g):0.89;Energia (kJ):577.39;di cui ZUCCHERI (g):2.49;SALE (g):0.11;FIBRE (g):1.20",,"",,0,,,,"",,,,1,,,0.000,,1,2,1,1,,,,,,,,,,,,,,0,0,0,0,0,0,0,0,0,0,,,,"",,,,,,0,1,,1,1,1,1,1,1,1,0,1,1,1,1,"M","rgi","2025-04-23 08:04:33","",1,
8,"POLPETTE FRITTE","",1,"",0,"",,,,1,1,0,,,,0,,,,,,1,"",,,0,"",,,0,"",,,0,"",,,0,"",,,0,"",,,,,,,,,"",0,"",,"",,,0," trita di maiale, trita di vitello, mollica di pane, LATTE, UOVA, PARMIGIANO, pangrattato, sale, pepe, Olio evo.","","","","","","","","","","","","","","","","","","","","",,"",,0,,,,"",,,,1,,,0.000,,1,2,1,1,0,,,,,,,,,,,,,0,0,0,0,0,0,0,0,0,0,,,,"",,,,,,0,1,,1,,,,,,,0,1,1,1,0,"M","rgi","2025-04-10 15:36:19","",1,
9,"SALSICCIA FRITTA","",1,"",0,"",,,,1,1,0,,,,0,,,,,,1,"",,,0,"",,,0,"",,,0,"",,,0,"",,,0,"",,,,,,,,,"",0,"",,"",,,0," Salsiccia di maiale a punta di coltello, olio di semi di girasole.","","","","","","","","","","","","","","","","","","","","",,"",,0,,,,"",,,,1,,,0.000,,1,2,1,1,0,,,,,,,,,,,,,0,0,0,0,0,0,0,0,0,0,,,,"",,,,,,0,1,,1,,,,,,,0,1,1,1,0,"A","rgi","2025-04-10 11:28:07","",1,
10,"RAGU' NAPOLETANO","",1,"",0,"",,,,1,1,0,,,,0,,,,,,1,"",,,0,"",,,0,"",,,0,"",,,0,"",,,0,"",,,,,,,,,"",0,"",,"",,,0," Ingredienti: SEDANO, carota, cipolla, Olio evo, salsiccia di maiale a punta di coltello, pancetta di maiale, carne di vitello, passata di pomodoro, sale, pepe, vino rosso.","","","","","","","","","","","","","","","","","","","","",,"",,0,,,,"",,,,1,,,0.000,,1,2,1,1,0,,,,,,,,,,,,,0,0,0,0,0,0,0,0,0,0,,,,"",,,,,,0,1,,1,,,,,,,0,1,1,1,0,"M","rgi","2025-04-10 15:36:19","",1,
11,"SUGO ALLA GENOVESE","",1,"",0,"",,,,1,1,0,,,,0,,,,,,1,"",,,0,"",,,0,"",,,0,"",,,0,"",,,0,"",,,,,,,,,"",0,"",,"",,,0," Ingredienti: carne di vitello, SEDANO, carota, cipolla, vino bianco, Olio evo, sale, pepe, alloro.","","","","","","","","","","","","","","","","","","","","",,"",,0,,,,"",,,,1,,,0.000,,1,2,1,1,0,,,,,,,,,,,,,0,0,0,0,0,0,0,0,0,0,,,,"",,,,,,0,1,,1,,,,,,,0,1,1,1,0,"M","rgi","2025-04-10 15:36:19","",1,
12,"POLIPETTI ALLA LUCIANA","",1,"",0,"",,,,1,1,0,,,,0,,,,,,1,"",,,0,"",,,0,"",,,0,"",,,0,"",,,0,"",,,,,,,,,"",0,"",,"",,,0," Ingredienti: moscardini, aglio, capperi, olive, passata di pomodoro, prezzemolo, Olio evo, sale, pepe, peperoncino secco.","","","","","","","","","","","","","","","","","","","","",,"",,0,,,,"",,,,1,,,0.000,,1,2,1,1,0,,,,,,,,,,,,,0,0,0,0,0,0,0,0,0,0,,,,"",,,,,,0,1,,1,,,,,,,0,1,1,1,0,"M","rgi","2025-04-10 15:36:19","",1,
13,"PARMIGIANA DI MELANZANE","",1,"",0,"",,,,1,1,0,,,,0,,,,,,1,"",,,0,"",,,0,"",,,0,"",,,0,"",,,0,"",,,,,,,,,"",0,"",,"",,,0," Ingredienti: melanzane, Olio evo, olio di semi di girasole, PARMIGIANO, passata di pomodoro, mozzarella fiordi LATTE, PROVOLA, sale, pepe, basilico.","","","","","","","","","","","","","","","","","","","","",,"",,0,,,,"",,,,1,,,0.000,,1,2,1,1,0,,,,,,,,,,,,,0,0,0,0,0,0,0,0,0,0,,,,"",,,,,,0,1,,1,,,,,,,0,1,1,1,0,"M","rgi","2025-04-10 15:36:19","",1,
14,"PARMIGIANA BIANCA DI ZUCCHINE SALSICCIA E PROVOLA","",1,"",0,"",,,,1,1,0,,,,0,,,,,,1,"",,,0,"",,,0,"",,,0,"",,,0,"",,,0,"",,,,,,,,,"",0,"",,"",,,0," Ingredienti: zucchine, Olio evo, olio di semi di girasole, PARMIGIANO, PROVOLA , salsiccia di maiale a punta di coltello, sale, pepe, FARINA 00, LATTE, BURRO .","","","","","","","","","","","","","","","","","","","","",,"",,0,,,,"",,,,1,,,0.000,,1,2,1,1,0,,,,,,,,,,,,,0,0,0,0,0,0,0,0,0,0,,,,"",,,,,,0,1,,1,,,,,,,0,1,1,1,0,"M","rgi","2025-04-10 15:36:19","",1,
15,"ZUCCHINE ALLA SCAPECE","",1,"",0,"",,,,1,1,0,,,,0,,,,,,1,"",,,0,"",,,0,"",,,0,"",,,0,"",,,0,"",,,,,,,,,"",0,"",,"",,,0," Ingredienti: zucchine, Olio evo, olio di semi di girasole, sale, pepe, menta, aceto di vino bianco.","","","","","","","","","","","","","","","","","","","","",,"",,0,,,,"",,,,1,,,0.000,,1,2,1,1,0,,,,,,,,,,,,,0,0,0,0,0,0,0,0,0,0,,,,"",,,,,,0,1,,1,,,,,,,0,1,1,1,0,"A","rgi","2025-04-10 11:28:07","",1,
16,"PEPERONI ALLA NAPOLETANA","",1,"",0,"",,,,1,1,0,,,,0,,,,,,1,"",,,0,"",,,0,"",,,0,"",,,0,"",,,0,"",,,,,,,,,"",0,"",,"",,,0," Ingredienti: Peperoni, Olio evo, olio di semi di girasole,olive nere denocciolate, capperi, sale, pepe, aglio.","","","","","","","","","","","","","","","","","","","","",,"",,0,,,,"",,,,1,,,0.000,,1,2,1,1,0,,,,,,,,,,,,,0,0,0,0,0,0,0,0,0,0,,,,"",,,,,,0,1,,1,,,,,,,0,1,1,1,0,"A","rgi","2025-04-10 11:28:07","",1,
17,"FRIARIELLI NAPOLETANI","",1,"",0,"",,,,1,1,0,,,,0,,,,,,1,"",,,0,"",,,0,"",,,0,"",,,0,"",,,0,"",,,,,,,,,"",0,"",,"",,,0," Ingredienti: friarielli freschi, aglio, Olio evo, sale, peperoncino secco.","","","","","","","","","","","","","","","","","","","","",,"",,0,,,,"",,,,1,,,0.000,,1,2,1,1,0,,,,,,,,,,,,,0,0,0,0,0,0,0,0,0,0,,,,"",,,,,,0,1,,1,,,,,,,0,1,1,1,0,"A","rgi","2025-04-10 11:28:07","",1,
18,"MELANZANE A FUNGHETTO","",1,"",0,"",,,,1,1,0,,,,0,,,,,,1,"",,,0,"",,,0,"",,,0,"",,,0,"",,,0,"",,,,,,,,,"",0,"",,"",,,0," Ingredienti: melanzane, pomodorini freschi, basilico, passata di pomodoro, aglio, sale, pepe, Olio evo, olio di semi di girasole.","","","","","","","","","","","","","","","","","","","","",,"",,0,,,,"",,,,1,,,0.000,,1,2,1,1,0,,,,,,,,,,,,,0,0,0,0,0,0,0,0,0,0,,,,"",,,,,,0,1,,1,,,,,,,0,1,1,1,0,"A","rgi","2025-04-10 11:28:07","",1,
19,"CREMA DI CACIOCAVALLO","",1,"",0,"",,,,1,1,0,,,,0,,,,,,1,"",,,0,"",,,0,"",,,0,"",,,0,"",,,0,"",,,,,,,,,"",0,"",,"",,,0," Ingredienti: caciocavallo, LATTE , sale, pepe, BURRO.","","","","","","","","","","","","","","","","","","","","",,"",,0,,,,"",,,,1,,,0.000,,1,2,1,1,0,,,,,,,,,,,,,0,0,0,0,0,0,0,0,0,0,,,,"",,,,-0.236,0.000,0,1,,1,,,,,,,0,1,1,1,0,"M","rgi","2025-04-10 15:36:19","",1,
20,"CREMA DI PROVOLONE PICCANTE","",1,"",0,"",,,,1,1,0,,,,0,,,,,,1,"",,,0,"",,,0,"",,,0,"",,,0,"",,,0,"",,,,,,,,,"",0,"",,"",,,0," Ingredienti: PROVOLONE piccante, LATTE , sale, pepe, BURRO","","","","","","","","","","","","","","","","","","","","",,"",,0,,,,"",,,,1,,,0.000,,1,2,1,1,0,,,,,,,,,,,,,0,0,0,0,0,0,0,0,0,0,,,,"",,,,-0.238,0.000,0,1,,1,,,,,,,0,1,1,1,0,"M","rgi","2025-04-10 15:36:19","",1,
21,"CREMA DI FRIARIELLI","",1,"",0,"",,,,1,1,0,,,,0,,,,,,1,"",,,0,"",,,0,"",,,0,"",,,0,"",,,0,"",,,,,,,,,"",0,"",,"",,,0," Ingredienti: friarielli freschi, aglio, Olio evo, sale, peperoncino secco.","","","","","","","","","","","","","","","","","","","","",,"",,0,,,,"",,,,1,,,0.000,,1,2,1,1,0,,,,,,,,,,,,,0,0,0,0,0,0,0,0,0,0,,,,"",,,,,,0,1,,1,,,,,,,0,1,1,1,0,"M","rgi","2025-04-10 15:36:19","",1,
22,"CIPOLLE ROSSE CARAMELLATE","",1,"",0,"",,,,1,1,0,,,,0,,,,,,1,"",1,0,0,"",,,0,"",,,0,"",,,0,"",,,0,"",,,,,,,,,"",0,"",,"",,,0," ingredienti: cipolla rossa, zucchero, aceto di vino bianco.","","","","","","","","","","","","","","","","","","","","",,"",,0,,100.000,,"",100.000,,100.000,1,0.500000,,0.500,,1,2,1,1,0,,,,,,,,,,,,,0,0,0,0,0,0,0,0,0,0,,,,"",,,,-0.236,0.000,0,1,,1,,,,,,,0,1,1,1,0,"M","rgi","2025-04-10 11:28:07","",1,
23,"CROCCHE' DI PATATE (COTTO)","",1,"",0,"",,,,1,1,0,,,,0,,,,,,1,"",,,0,"",,,0,"",,,0,"",,,0,"",,,0,"",,,,,,,,,"",0,"",,"",,,0," Ingredienti: Patata Gialla PROVOLA, PARMIGIANO,Prezzemolo, Sale, Pepe,  UOVA,  e Olio di Semi di Girasole.","","","","","","","","","","","","","","","","","","","","",,"",,0,,,,"",,,,1,,,0.000,,1,2,1,1,0,,,,,,,,,,,,,0,0,0,0,0,0,0,0,0,0,,,,"",,,,,,0,1,,1,,,,,,,0,1,1,1,0,"M","rgi","2025-04-10 15:36:19","",1,
24,"PALLE DI RISO (COTTO)","",1,"",0,"",,,,1,1,0,,,,0,,,,,,1,"",,,0,"",,,0,"",,,0,"",,,0,"",,,0,"",,,,,,,,,"",0,"",,"",,,0," Ingredienti: Riso Carnaroli,  SEDANO,  Carota, Cipolla, Piselli, Olio Evo, Sale, Pepe, Parmiggiano, Pan Grattato, Olio di  Semi di Girasole.","","","","","","","","","","","","","","","","","","","","",,"",,0,,,,"",,,,1,,,0.000,,1,2,1,1,0,,,,,,,,,,,,,0,0,0,0,0,0,0,0,0,0,,,,"",,,,,,0,1,,1,,,,,,,0,1,1,1,0,"M","rgi","2025-04-10 15:36:19","",1,
25,"FRITTATINA NAPOLETANA DI PASTA CLASSICA (COTTO)","",1,"",0,"",,,,1,1,0,,,,0,,,,,,1,"",,,0,"",,,0,"",,,0,"",,,0,"",,,0,"",,,,,,,,,"",0,"",,"",,,0," Bucatini di SEMOLA di  GRANO Duro LATTE, BURRO,  FARINA '00',  SEDANO,  Carota, Cipolla, Trita di Maiale, Trita di Vitello, Parmiggiano, Sale, Pepe, Vino Bianco, PiselliOlio Evo,  UOVA,  Acqua, FARINA di Riso, Olio di Semi di Girasole.","","","","","","","","","","","","","","","","","","","","",,"",,0,,,,"",,,,1,,,0.000,,1,2,1,1,0,,,,,,,,,,,,,0,0,0,0,0,0,0,0,0,0,,,,"",,,,,,0,1,,1,,,,,,,0,1,1,1,0,"M","rgi","2025-04-10 15:36:19","",1,
26,"FRITTATA NAPOLETANA DI PASTA PATATE E PROVOLA (COTTO)","",1,"",0,"",,,,1,1,0,,,,0,,,,,,1,"",,,0,"",,,0,"",,,0,"",,,0,"",,,0,"",,,,,,,,,"",0,"",,"",,,0," Ingredienti: Pasta Mista di SEMOLA di  GRANO  Duro,  SEDANO,  Carota, Cipolla, Concentrato di Pomodoro, Patata, PROVOLA, Parmiggiano, Olio Evo, Sale, Pepe, acqua, FARINA di Riso, FARINA 'oo' UOVA, Olio di Semi di Girasole.","","","","","","","","","","","","","","","","","","","","",,"",,0,,,,"",,,,1,,,0.000,,1,2,1,1,0,,,,,,,,,,,,,0,0,0,0,0,0,0,0,0,0,,,,"",,,,-0.100,0.000,0,1,,1,,,,,,,0,1,1,1,0,"M","rgi","2025-04-10 15:36:19","",1,
27,"FRITTATINA NAPOLETANA DI PASTA ALLA GENOVESE (COTTO)","",1,"",0,"",,,,1,1,0,,,,0,,,,,,1,"",,,0,"",,,0,"",,,0,"",,,0,"",,,0,"",,,,,,,,,"",0,"",,"",,,0," Ingredienti: Bucatini di SEMOLA di  GRANO Duro, Carne di Vitello,  SEDANO,  Carota, Cipolla,  LATTE, BURRO,  FARINA 00 Pecorino,  Sale, Pepe, Olio Evo, Alloro, Acqua, FARINA di Riso, FARINA 00 ,  UOVA,  Olio di Semi di Girasole.","","","","","","","","","","","","","","","","","","","","",,"",,0,,,,"",,,,1,,,0.000,,1,2,1,1,0,,,,,,,,,,,,,0,0,0,0,0,0,0,0,0,0,,,,"",,,,,,0,1,,1,,,,,,,0,1,1,1,0,"M","rgi","2025-04-10 15:36:19","",1,
28,"FRITTATINA NAPOLETANA DI PASTA ALLO SCARPARIELLO ( COTTO)","",1,"",0,"",,,,1,1,0,,,,0,,,,,,1,"",,,0,"",,,0,"",,,0,"",,,0,"",,,0,"",,,,,,,,,"",0,"",,"",,,0,"Ingredienti: Bucatini di SEMOLA, di  GRANO  Duro, Passata di Pomodoro, Pomodoro Datterino,  SEDANO,  Carota,Cipolla, Peperoncino Secco,  Pecorino,  Olio Evo, FARINA di Riso, FARINA 00,  UOVA,  Olio di Semi di Girasole.","","","","","","","","","","","","","","","","","","","","",,"",,0,,,,"",,,,1,,,0.000,,1,2,1,1,0,,,,,,,,,,,,,0,0,0,0,0,0,0,0,0,0,,,,"",,,,,,0,1,,1,,,,,,,0,1,1,1,0,"M","rgi","2025-04-10 15:36:19","",1,
29,"POLPETTA FRITTA (COTTO)","",1,"",0,"",,,,1,1,0,,,,0,,,,,,1,"",,,0,"",,,0,"",,,0,"",,,0,"",,,0,"",,,,,,,,,"",0,"",,"",,,0," Ingredienti: Trita di Maiale, Trita di Vitello, Mollica di Pane, LATTE, UOVA, Parmiggiano, Pan Grattato,  sale, pepe, Olio Evo, Olio di Semi di Girasole.","","","","","","","","","","","","","","","","","","","","",,"",,0,,,,"",,,,1,,,0.000,,1,2,1,1,0,,,,,,,,,,,,,0,0,0,0,0,0,0,0,0,0,,,,"",,,,,,0,1,,1,,,,,,,0,1,1,1,0,"M","rgi","2025-04-10 15:36:19","",1,
30,"PATATINE FRITTE CRUDE","",1,"",0,"",,,,1,1,0,,,,0,,,,,,1,"",,,0,"",,,0,"",,,0,"",,,0,"",,,0,"",,,,,,,,,"",0,"",,"",,,0," Ingredienti: Patata Gialla Fresca.","","","","","","","","","","","","","","","","","","","","",,"",,0,,,,"",,,,1,,,0.000,,1,2,1,1,0,,,,,,,,,,,,,0,0,0,0,0,0,0,0,0,0,,,,"",,,,,,0,1,,1,,,,,,,0,1,1,1,0,"A","rgi","2025-04-10 11:28:07","",1,
31,"OLIO Al BASILICO","",1,"",0,"",,,,1,1,0,,,,0,,,,,,1,"",,,0,"",,,0,"",,,0,"",,,0,"",,,0,"",,,,,,,,,"",0,"",,"",,,0," Ingredienti: Olio di Oliva Basilico Fresco.","","","","","","","","","","","","","","","","","","","","",,"",,0,,,,"",,,,1,,,0.000,,1,2,1,1,0,,,,,,,,,,,,,0,0,0,0,0,0,0,0,0,0,,,,"",,,,,,0,1,,1,,,,,,,0,1,1,1,0,"A","rgi","2025-04-10 11:28:07","",1,
32,"VEGGY","",1,"",0,"",,,,1,1,0,,,,0,,,,,,1,"",,,0,"",,,0,"",,,0,"",,,0,"",,,0,"",,,,,,,,,"",0,"",,"",,,0," Ingredienti: Peperoni, Melanzane, Zucchine Crude.","","","","","","","","","","","","","","","","","","","","",,"",,0,,,,"",,,,1,,,0.000,,1,2,1,1,0,,,,,,,,,,,,,0,0,0,0,0,0,0,0,0,0,,,,"",,,,,,0,1,,1,,,,,,,0,1,1,1,0,"A","rgi","2025-04-10 11:28:07","",1,
33,"FRITTATINA NAPETANA COTTA DI PASTA ALLA NERANO","",1,"",0,"",,,,1,1,0,,,,0,,,,,,1,"",0,0,1,"",,,1,"",,,1,"",,,1,"",,,1,"",,,,,,,,,"",0,"",,"",,,0," Ingredienti: Bucatini di SEMOLA di GRANO Duro, PROVOLONE Piccante, LATTE,  FARINA 00,  BURRO,  Zucchine, Basilico,Sale, Pepe, Olio Evo., Acqua, FARINA di Riso, FARINA 00, UOVA,  Olio di Semi di Girasole.","","","","","","","","","","","","","","","","","","","","",,"",,0,,0.000,,"",0.000,,0.000,1,0.000000,,0.000,,1,2,1,1,,,,,,,,,,,,,,0,0,0,0,0,0,0,0,0,0,,,,"",,,,,,0,1,,1,1,1,1,1,1,1,0,1,1,1,0,"M","rgi","2025-04-10 15:36:19","",1,
34,"PASTA PATATA E PROVOLA","",1,"",0,"",,,,1,1,0,,,,0,,,,,,1,"",,,0,"",,,0,"",,,0,"",,,0,"",,,0,"",,,,,,,,,"",0,"",,"",,,0," Ingredienti: Pasta di SEMOLA Di GRANO Duro,SEDANO, Carota, Cipolla, Concentrato di Pomodoro, Patata, PROVOLA, PARMIGIANO,  Olio Evo, Sale, Pepe, Acqua, FARINA di Riso, FARINA 00,  UOVA,  Olio  di Girasole.","","","","","","","","","","","","","","","","","","","","",,"",,0,,,,"",,,,1,,,0.000,,1,2,1,1,0,,,,,,,,,,,,,0,0,0,0,0,0,0,0,0,0,,,,"",,,,,,0,1,,1,,,,,,,0,1,1,1,0,"M","rgi","2025-04-10 15:36:19","",1,
35,"SCAROLA COTTA","",1,"",0,"",,,,1,1,0,,,,0,,,,,,1,"",,,0,"",,,0,"",,,0,"",,,0,"",,,0,"",,,,,,,,,"",0,"",,"",,,0," Ingredienti: Olio evo, Aglio, Acciughe, Capperi, Olive, Scarola, Sale, Pepe.","","","","","","","","","","","","","","","","","","","","",,"",,0,,,,"",,,,1,,,0.000,,1,2,1,1,0,,,,,,,,,,,,,0,0,0,0,0,0,0,0,0,0,,,,"",,,,,,0,1,,1,,,,,,,0,1,1,1,0,"A","rgi","2025-04-10 11:28:07","",1,
